Variation ID	Allele ID	rsID	GRCh38 Location	Names	Allele_Frequency	Mapping_Method	Status	Notes	Carrier_Frequency	Disease_Frequency
15447	30486	rs33915217	5226925	NM_000518.5(HBB):c.92+5G>C	0.004855		Done		0.00966285795	2.3571025e-05
15161	30200	rs33950507	5226943	NM_000518.5(HBB):c.79G>A (p.Glu27Lys)	0.00258		Done		0.0051466872	6.6563999999999995e-06
15417	30456	rs80356821	5226763 - 5226766	NM_000518.5(HBB):c.126_129del (p.Phe42fs)	0.0009552		Done		0.00190857518592	9.124070400000001e-07
15333	30372	rs334	5227002	NM_000518.5(HBB):c.20A>T (p.Glu7Val)	0.0008897		Done		0.00177781686782	7.9156609e-07
15437	30476	rs33971440	5226929	NM_000518.5(HBB):c.92+1G>T	0.0004502		Done		0.00089999463992	2.0268004e-07
15454	30493	rs35004220	5226820	NM_000518.5(HBB):c.93-21G>A	1.099e-05		Done		2.19797584398e-05	1.207801e-10
15450	30489	rs35724775	5226924	NM_000518.5(HBB):c.92+6T>C	1.098e-05		Done		2.19597588792e-05	1.205604e-10
15504	30543	rs33913712	5226621	NM_000518.5(HBB):c.271G>T (p.Glu91Ter)	1.098e-05		Done		2.19597588792e-05	1.205604e-10
1459872	1481230	rs750606223	5225646 - 5225662	NM_000518.5(HBB):c.380_396del (p.Val127fs)	1.098e-05		Done		2.19597588792e-05	1.205604e-10
15442	30481	rs193922563	5226797 - 5226821	NM_000518.5(HBB):c.93-22_95del	1.098e-05		Done		2.19597588792e-05	1.205604e-10
36306	44970	rs193922555	5226641	NM_000518.5(HBB):c.251del (p.Gly84fs)	1.098e-05		Done		2.19597588792e-05	1.205604e-10
15415	30454	rs80356820	5226757	NM_000518.5(HBB):c.135del (p.Phe46fs)	1.098e-05		Done		2.19597588792e-05	1.205604e-10
15419	30458	rs33969853	5226674 - 5226675	NM_000518.5(HBB):c.217dup (p.Ser73fs)	0.0		Done		0.0	0.0
15438	30477	rs33945777	5226576	NM_000518.5(HBB):c.315+1G>A	0.0		Done		0.0	0.0
15428	30467	rs34533941	5226608 - 5226609	NM_000518.5(HBB):c.282_283dup (p.Asp95fs)	0.0		Not found		0.0	0.0
15420	30459	rs281864901	5226662	NM_000518.5(HBB):c.230del (p.Ala77fs)	0.0		Not found		0.0	0.0
3769508	3885661			NC_000011.9:g.(?_5246693)_(5248302_?)del	0.0		Not found		0.0	0.0
15471	30510	rs33931746	5227099	NM_000518.5(HBB):c.-78A>G	0.0		Done		0.0	0.0
15402	30441	rs11549407	5226774	NM_000518.5(HBB):c.118C>T (p.Gln40Ter)	0.0		Done		0.0	0.0
15401	30440	rs33986703	5226970	NM_000518.5(HBB):c.52A>T (p.Lys18Ter)	0.0		Done		0.0	0.0
15395	30434	rs33954264	5225602	NM_000518.4(HBB):c.440A>C (p.His147Pro)	0.0		Not found		0.0	0.0
15343	30382	rs33940204	5226626	NM_000518.4(HBB):c.266T>C (p.Leu89Pro)	0.0		Not found		0.0	0.0
15257	30296	rs34945623	5225696	NM_000518.5(HBB):c.346G>C (p.Ala116Pro)	0.0		Not found		0.0	0.0
1687315	1679608	rs2133587981	5226623	NM_000518.5(HBB):c.269del (p.Ser90fs)	0.0		Not found		0.0	0.0
801184	789685	rs281864518	5227142	NM_000518.5(HBB):c.-121C>T	0.0		Not found		0.0	0.0
550356	546666	rs35456885	5226814	NM_000518.5(HBB):c.93-15T>G	0.0		Done		0.0	0.0
15406	30445	rs33922842	5226762	NM_000518.5(HBB):c.130G>T (p.Glu44Ter)	0.0		Done		0.0	0.0
15488	30527	rs63751128	5225487	NM_000518.5(HBB):c.*111A>G	0.0		Done		0.0	0.0
15473	30512	rs33985472	5225485	NM_000518.5(HBB):c.*113A>G	0.0		Done		0.0	0.0
632854	621818	rs63750223	5226796 - 5226820	NM_000518.5(HBB):c.93-21_96del	0.0		Not found		0.0	0.0
3769040	3885194		5225255 - 5225875	NC_000011.10:g.5225255_5225875del	0.0		Done		0.0	0.0
3068890	3228215			NC_000011.9:g.(?_5246693)_(5246957_5247806)del	0.0		Not found		0.0	0.0
2664746	2832196	rs34083951	5226613	NM_000518.5(HBB):c.279C>G (p.His93Gln)	0.0		Done		0.0	0.0
2506212	2671170	rs33994806	5227157	NM_000518.4(HBB):c.-136C>A	0.0		Done		0.0	0.0
1065151	1053470	rs2133588176	5226658 - 5226659	NM_000518.5(HBB):c.233_234del (p.His78fs)	0.0		Not found		0.0	0.0
984497	972531			NC_000011.9:g.(5246957_5247806)_(5248302_?)del	0.0		Not found		0.0	0.0
982009	970074		5225465	NC_000011.10:g.(?_5225465)_(5227072_?)del	0.0		Not found		0.0	0.0
869360	857502	rs281864898	5226948 - 5226954	NM_000518.5(HBB):c.68_74del (p.Glu23fs)	0.0		Not found		0.0	0.0
869111	546448|799648	rs34483965|rs781604042	5225733	NM_000518.4(HBB):c.[316-12T>C;316-7C>A]	0.0		Done		0.0	0.0
632843	621353	rs63750205	5225487 - 5225488	NM_000518.5(HBB):c.*110_*111del	0.0		Done		0.0	0.0
3769274	3885428		5225693 - 5225694	NM_000518.5(HBB):c.348_349delinsG (p.His117fs)	0.0		Not found		0.0	0.0
590977	581920	rs1564875331	5226724 - 5226728	NM_000518.5(HBB):c.164_168delinsGGCATCA (p.Val55fs)	0.0		Not found		0.0	0.0
590887	581827	rs1564875707	5226905 - 5227197	NC_000011.10:g.5226905_5227197del	0.0		Not found		0.0	0.0
551389	546035	rs1554918165	5226957 - 5226958	NM_000518.5(HBB):c.64dup (p.Asp22fs)	0.0		Not found		0.0	0.0
439153	432675	rs35225141	5225718 - 5225719	NM_000518.5(HBB):c.323dup (p.Asn109fs)	0.0		Done		0.0	0.0
439146	432681	rs63750283	5226575	NM_000518.5(HBB):c.315+2T>G	0.0		Not found		0.0	0.0
36302	44966	rs193922553	5226691	NM_000518.5(HBB):c.201del (p.Val68fs)	0.0		Not found		0.0	0.0
36301	44965	rs193922552	5227002 - 5227003	NM_000518.5(HBB):c.19_20delinsAT (p.Glu7Met)	0.0		Not found		0.0	0.0
15613	30652	rs33961459	5226687	NM_000518.5(HBB):c.205C>T (p.Leu69Phe)	0.0		Not found		0.0	0.0
15532	30571	rs35699671	5226788 - 5226790	NM_000518.5(HBB):c.99GGT[1] (p.Val35del)	0.0		Not found		0.0	0.0
4531951	4643424		5225696	NM_000518.5(HBB):c.346del (p.Ala116fs)	0.0		Not found		0.0	0.0